ID,risk_score
28800,0.38431758
28801,0.5134311
28802,0.09789718
