ID,predicted_efs_prob
28800,0.14144058374099805
28801,0.6488142195844911
28802,0.14573186301026805
